{
  "tests": [
    {
      "name": "Duplicates Test 1",
      "setup": "javac DuplicatesProblem.java",
      "run": "java DuplicatesProblem",
      "input": "1\r\n2\r\n2\r\n2\r\n12",
      "output": "head-->1-->2-->12-->null",
      "comparison": "included",
      "timeout": 1,
      "points": 10
    },
    {
      "name": "Duplicates Test 2",
      "setup": "javac DuplicatesProblem.java",
      "run": "java DuplicatesProblem",
      "input": "4\r\n4\r\n6\r\n6\r\n7\r\n\r\n",
      "output": "head-->4-->6-->7-->null",
      "comparison": "included",
      "timeout": 1,
      "points": 10
    },
    {
      "name": "Merge Test 1",
      "setup": "javac MergeProblem.java",
      "run": "java MergeProblem",
      "input": "1\r\n2\r\n4\r\n1\r\n3\r\n4",
      "output": "head-->1-->1-->2-->3-->4-->4-->null",
      "comparison": "included",
      "timeout": 1,
      "points": 7
    },
    {
      "name": "Merge Test 2",
      "setup": "javac MergeProblem.java",
      "run": "java MergeProblem",
      "input": "2\r\n3\r\n5\r\n1\r\n4\r\n6",
      "output": "head-->1-->2-->3-->4-->5-->6-->null",
      "comparison": "included",
      "timeout": 1,
      "points": 7
    },
    {
      "name": "Merge Test 3",
      "setup": "javac MergeProblem.java",
      "run": "java MergeProblem",
      "input": "1\r\n3\r\n5\r\n1\r\n3\r\n5",
      "output": "head-->1-->1-->3-->3-->5-->5-->null",
      "comparison": "included",
      "timeout": 1,
      "points": 6
    },
    {
      "name": "Index Remove Test 1",
      "setup": "javac IndexRemoveProblem.java",
      "run": "java IndexRemoveProblem",
      "input": "1\r\n2\r\n3\r\n4\r\n5\r\n3",
      "output": "head-->1-->2-->4-->5-->null",
      "comparison": "included",
      "timeout": 1,
      "points": 5
    },
    {
      "name": "Index Remove Test 2",
      "setup": "javac IndexRemoveProblem.java",
      "run": "java IndexRemoveProblem",
      "input": "1\r\n2\r\n3\r\n4\r\n5\r\n2",
      "output": "head-->1-->2-->3-->5-->null",
      "comparison": "included",
      "timeout": 1,
      "points": 5
    },
    {
      "name": "Index Remove Test 3",
      "setup": "javac IndexRemoveProblem.java",
      "run": "java IndexRemoveProblem",
      "input": "1\r\n2\r\n3\r\n4\r\n5\r\n1",
      "output": "head-->1-->2-->3-->4-->null",
      "comparison": "included",
      "timeout": 1,
      "points": 5
    },
    {
      "name": "Index Remove Test 4",
      "setup": "javac IndexRemoveProblem.java",
      "run": "java IndexRemoveProblem",
      "input": "1\r\n2\r\n3\r\n4\r\n5\r\n5",
      "output": "head-->2-->3-->4-->5-->null",
      "comparison": "included",
      "timeout": 1,
      "points": 5
    },
    {
      "name": "Remove Elements Test 1",
      "setup": "javac RemoveElementsProblem.java",
      "run": "java RemoveElementsProblem",
      "input": "1\r\n6\r\n3\r\n4\r\n5\r\n6",
      "output": "head-->1-->3-->4-->5-->null",
      "comparison": "included",
      "timeout": 1,
      "points": 5
    },
    {
      "name": "Remove Elements Test 2",
      "setup": "javac RemoveElementsProblem.java",
      "run": "java RemoveElementsProblem",
      "input": "1\r\n5\r\n5\r\n3\r\n5\r\n5",
      "output": "head-->1-->3-->null",
      "comparison": "included",
      "timeout": 1,
      "points": 5
    },
    {
      "name": "Remove Elements Test 3",
      "setup": "javac RemoveElementsProblem.java",
      "run": "java RemoveElementsProblem",
      "input": "1\r\n2\r\n3\r\n4\r\n5\r\n9",
      "output": "head-->1-->2-->3-->4-->5-->null",
      "comparison": "included",
      "timeout": 1,
      "points": 5
    },
    {
      "name": "Remove Elements Test 4",
      "setup": "javac RemoveElementsProblem.java",
      "run": "java RemoveElementsProblem",
      "input": "1\r\n1\r\n1\r\n1\r\n1\r\n1",
      "output": "head-->null",
      "comparison": "included",
      "timeout": 1,
      "points": 5
    },
    {
      "name": "Binary Test 5",
      "setup": "javac BinaryToDecimalProblem.java",
      "run": "java BinaryToDecimalProblem",
      "input": "1\r\n0\r\n1",
      "output": "5",
      "comparison": "included",
      "timeout": 1,
      "points": 5
    },
    {
      "name": "Binary Test 3",
      "setup": "javac BinaryToDecimalProblem.java",
      "run": "java BinaryToDecimalProblem",
      "input": "0\r\n1\r\n1",
      "output": "3",
      "comparison": "included",
      "timeout": 1,
      "points": 5
    },
    {
      "name": "Binary Test 4",
      "setup": "javac BinaryToDecimalProblem.java",
      "run": "java BinaryToDecimalProblem",
      "input": "1\r\n0\r\n0",
      "output": "4",
      "comparison": "included",
      "timeout": 1,
      "points": 5
    },
    {
      "name": "Binary Test 0",
      "setup": "javac BinaryToDecimalProblem.java",
      "run": "java BinaryToDecimalProblem",
      "input": "0\r\n0\r\n0",
      "output": "0",
      "comparison": "included",
      "timeout": 1,
      "points": 5
    }
  ]
}
